timestamp,period,n_obs,r_squared,r_squared_surprise,delta_r_squared,r_squared_imputed,delta_r_squared_imputed,imputed_event_count,notes
2026-08-01T22:11:47.297965+00:00,2025Q4,100,0.14871440148526538,0.06072743343806497,0.08798696804720041,0.053492929285476,0.004076942047272714,1749,
2026-08-01T23:02:08.775547+00:00,2025Q4,100,0.18937516526094123,0.06072743343806497,0.12864773182287625,0.05524717088140885,0.005831183643205562,1749,
2026-08-01T23:07:34.669947+00:00,2025Q4,100,0.16737973866171163,0.06072743343806497,0.10665230522364666,0.05431559269078601,0.004899605452582723,1749,
2026-08-01T23:11:12.117846+00:00,2025Q4,100,0.14274358408009669,0.06072743343806497,0.08201615064203172,0.05323505596519573,0.0038190687269924473,1749,
2026-08-01T23:15:13.319737+00:00,2025Q4,100,0.1717285058785647,0.06072743343806497,0.11100107244049973,0.0545195153286695,0.005103528090466214,1749,
2026-08-01T23:42:08.134144+00:00,2025Q4,100,0.17409949268049818,0.06072743343806497,0.11337205924243321,0.05454233924783791,0.005126352009634627,1749,
2026-08-01T23:45:01.609410+00:00,2025Q4,100,0.17409949268049818,0.06072743343806497,0.11337205924243321,0.05454233924783791,0.005126352009634627,1749,
2026-08-01T23:48:51.774320+00:00,2025Q4,100,0.1746815384857867,0.06072743343806497,0.11395410504772174,0.054634130708909545,0.00521814347070626,1749,
2026-08-02T00:08:28.862271+00:00,2025Q4,250,0.16576693337608883,0.055142131673278305,0.11062480170281053,0.06333167366774273,0.013915686429539442,1599,
2026-08-02T09:54:43.082784+00:00,2026Q3,96,0.21175040258700462,0.16674407391303903,0.04500632867396559,0.11347123967685124,0.008255392878913304,664,
2026-08-02T10:14:50.878392+00:00,2026Q3,90,0.1586634451573138,0.14731513054415946,0.011348314613154331,0.1075466312945842,0.0023307844966462543,670,
2026-08-02T10:22:02.835390+00:00,2026Q3,96,0.19484342919671116,0.1823389956901107,0.012504433506600465,0.1086619486529865,0.0034461018550485667,664,
2026-08-02T10:36:53.812276+00:00,2026Q3,92,0.22666745982933278,0.19549183726547448,0.031175622563858307,0.11175993318394661,0.006544086386008674,668,
2026-08-02T10:42:57.392454+00:00,2026Q3,95,0.2289465299046909,0.1973497092168217,0.031596820687869176,0.11208198224618271,0.00686613544824477,665,
2026-08-02T10:56:22.533890+00:00,2026Q3,96,0.22418531084886217,0.19609253744815636,0.028092773400705817,0.11119537393696266,0.005979527139024721,664,
2026-08-02T11:22:16.415243+00:00,2026Q3,95,0.1763007333531803,0.16244995332019452,0.013850780032985788,0.10822538823605699,0.0030095414381190455,665,
2026-08-02T11:47:28.442106+00:00,2026Q3,89,0.2107836497809238,0.1320445613861595,0.07873908839476429,0.11581418219304551,0.010598335395107572,671,
2026-08-02T22:40:38.614582+00:00,2026Q3,97,0.233524348970663,0.18017347375473636,0.05335087521592663,0.1154908497849445,0.010275002987006565,663,
2026-08-02T22:46:00.073537+00:00,2026Q3,97,0.233524348970663,0.18017347375473636,0.05335087521592663,0.1154908497849445,0.010275002987006565,663,
2026-08-02T22:50:09.744666+00:00,2026Q3,97,0.21709407431157712,0.18017347375473636,0.036920600556840766,0.1129274973155262,0.007711650517588264,663,
2026-08-02T22:50:35.444339+00:00,2026Q3,97,0.21709407431157712,0.18017347375473636,0.036920600556840766,0.1129274973155262,0.007711650517588264,663,
2026-08-02T22:53:02.763447+00:00,2026Q3,97,0.2266466265100313,0.18017347375473636,0.046473152755294955,0.11434808922948181,0.009132242431543869,663,
2026-08-03T23:33:58.634734+00:00,2026Q3,98,0.273601125859392,0.17091808162644184,0.10268304423295016,0.12414957592172793,0.014317600527968266,714,
2026-08-03T23:38:32.069109+00:00,2026Q3,98,0.273601125859392,0.17091808162644184,0.10268304423295016,0.12414957592172793,0.014317600527968266,714,
2026-08-03T23:40:33.245824+00:00,2026Q3,98,0.2680112065148016,0.17091808162644184,0.09709312488835975,0.12344256877675575,0.013610593382996083,714,
2026-08-03T23:41:12.998703+00:00,2026Q3,98,0.2680112065148016,0.17091808162644184,0.09709312488835975,0.12344256877675575,0.013610593382996083,714,
2026-08-03T23:43:19.988653+00:00,2026Q3,98,0.27727547158617705,0.17091808162644184,0.1063573899597352,0.12458995549038587,0.014757980096626211,714,
2026-08-03T23:45:23.479410+00:00,2026Q3,98,0.27727547158617705,0.17091808162644184,0.1063573899597352,0.12458995549038587,0.014757980096626211,714,
2026-08-03T23:48:02.497105+00:00,2026Q3,98,0.29078612895141587,0.17091808162644184,0.11986804732497403,0.12623625426353913,0.016404278869779465,714,
2026-08-03T23:49:03.252991+00:00,2026Q3,98,0.29078612895141587,0.17091808162644184,0.11986804732497403,0.12623625426353913,0.016404278869779465,714,
2026-08-04T00:09:15.323576+00:00,2026Q3,812,0.16250601479629578,0.10983197539375966,0.05267403940253612,0.16250601479629578,0.05267403940253612,0,
2026-08-04T07:08:22.731911+00:00,2026Q3,812,0.14723971227657817,0.10983197539375966,0.03740773688281851,0.14723971227657817,0.03740773688281851,0,
2026-08-04T07:36:32.420043+00:00,2026Q3,812,0.15691382435442924,0.10983197539375966,0.04708184896066958,0.15691382435442924,0.04708184896066958,0,
2026-08-04T07:40:54.895204+00:00,2026Q3,812,0.15691382435442924,0.10983197539375966,0.04708184896066958,0.15691382435442924,0.04708184896066958,0,
2026-08-04T21:36:05.609226+00:00,2026Q3,97,0.25915844282727274,0.16772044714584922,0.09143799568142352,0.12260075305745954,0.012768777663699882,715,
2026-08-04T21:49:04.157583+00:00,2026Q3,97,0.28449137463268437,0.16772044714584922,0.11677092748683515,0.12571929224499656,0.0158873168512369,715,
2026-08-04T22:03:04.774550+00:00,2026Q3,97,0.2867998488509589,0.17648064009071918,0.1103192087602397,0.12522778945197421,0.015395814058214552,715,
2026-08-04T22:04:51.074755+00:00,2026Q3,98,0.2881109635334388,0.17091808162644184,0.11719288190699695,0.12590916094327076,0.016077185549511097,714,
2026-08-04T22:14:09.346725+00:00,2026Q3,96,0.2903655526121287,0.1755808591079584,0.11478469350417031,0.12560749031982354,0.015775514926063883,716,
